source,accession,url,sha256,local_record,used_output,status
UniProtKB,P00441,https://rest.uniprot.org/uniprotkb/P00441.json,9903ffcdd78de586e79ebe0e65342e4212ae4773a00fd2f044408c336efd51ea,data/uniprot_accessions/P00441.json,results/accession_panels.json,counted
UniProtKB,P00442,https://rest.uniprot.org/uniprotkb/P00442.json,b3b6f93ed8f1cdb71508f2c43809c24fff426cd9692242debd563448121d7e3d,data/uniprot_accessions/P00442.json,results/accession_panels.json,counted
UniProtKB,P00709,https://rest.uniprot.org/uniprotkb/P00709.json,670ed62c2c2a96d210bbe5641368746ff9432f7a389221b43cd4d00209c27a56,data/uniprot_accessions/P00709.json,results/accession_panels.json,counted
UniProtKB,P00918,https://rest.uniprot.org/uniprotkb/P00918.json,fe8e72f9558e126ea35c4c2cae72d2ac27198fc8760560b191e8a409f7dd591f,data/uniprot_accessions/P00918.json,results/accession_panels.json,counted
UniProtKB,P01008,https://rest.uniprot.org/uniprotkb/P01008.json,cb15f96526683187e82776fb6ff5a837623b6fd6b02c5b67603c09eef35c8d4c,data/uniprot_accessions/P01008.json,results/accession_panels.json,counted
UniProtKB,P01100,https://rest.uniprot.org/uniprotkb/P01100.json,9c6c0f5e0bf07fa3f6f790fbc3942922fcffe7876b03d2fd548d9ddb805bf6e0,data/uniprot_accessions/P01100.json,results/accession_panels.json,counted
UniProtKB,P01133,https://rest.uniprot.org/uniprotkb/P01133.json,f0decec29d25f32087ed0d4d4aa12aa08bb3d788d628f1911e269aa42bb4eac2,data/uniprot_accessions/P01133.json,results/accession_panels.json,counted
UniProtKB,P01137,https://rest.uniprot.org/uniprotkb/P01137.json,b11621acf2d60d3ba9d02176538e9f557cd62406442d226afc6b824a4f14c7dd,data/uniprot_accessions/P01137.json,results/accession_panels.json,counted
UniProtKB,P01308,https://rest.uniprot.org/uniprotkb/P01308.json,bedaf5976cc4195536fe20ebd7451f0f82b611bfebe29cfc6c8df767cf17a753,data/uniprot_accessions/P01308.json,results/accession_panels.json,counted
UniProtKB,P01375,https://rest.uniprot.org/uniprotkb/P01375.json,0bebe08f2bbcced3c4d27674d9883aadfc77b77aaf7f851c42e36f5bb0d71da8,data/uniprot_accessions/P01375.json,results/accession_panels.json,counted
UniProtKB,P01562,https://rest.uniprot.org/uniprotkb/P01562.json,a458497187219d0afd4db123c3eac62873f2d91c6dbb65425fed15634e5ab7d0,data/uniprot_accessions/P01562.json,,excluded_not_used
UniProtKB,P01579,https://rest.uniprot.org/uniprotkb/P01579.json,92f83636843824e3536344b86f002b8c7826b69d6bde60ed1ec30ea1f0c4b851,data/uniprot_accessions/P01579.json,results/accession_panels.json,counted
UniProtKB,P01583,https://rest.uniprot.org/uniprotkb/P01583.json,2554148c7ae05c1bcf968168d6ff9252c0029ab8d9b80618b34e57f0d3c4c2f9,data/uniprot_accessions/P01583.json,results/accession_panels.json,counted
UniProtKB,P01584,https://rest.uniprot.org/uniprotkb/P01584.json,c623b24a352bd9dc7226cb856d5b532a70dc9f04da669153daecd20e05f0bf59,data/uniprot_accessions/P01584.json,results/accession_panels.json,counted
UniProtKB,P01589,https://rest.uniprot.org/uniprotkb/P01589.json,794f3a97a2474b5eb29e5ceeafefa8122ba3dbd43052703326ff0ff70c929562,data/uniprot_accessions/P01589.json,results/accession_panels.json,counted
UniProtKB,P01889,https://rest.uniprot.org/uniprotkb/P01889.json,c22bc854b7dad7069ec48bd4f7c49fa0cefc60121404ba21151c716ab6d97b31,data/uniprot_accessions/P01889.json,results/accession_panels.json,counted
UniProtKB,P01892,https://rest.uniprot.org/uniprotkb/P01892.json,9fbe2ffb910bab2b1b2534e3bfd41438ff8a69fd80aa8a434d8204859ae928ea,data/uniprot_accessions/P01892.json,results/accession_panels.json,counted
UniProtKB,P02647,https://rest.uniprot.org/uniprotkb/P02647.json,975f46344755b738b37be151e247987722132b0218a17ef29e90cb1dd006ff8c,data/uniprot_accessions/P02647.json,results/accession_panels.json,counted
UniProtKB,P02649,https://rest.uniprot.org/uniprotkb/P02649.json,b7b8bd97617832a2b03626a7c6487c122b2f7eab82f20d283b99c6c667959120,data/uniprot_accessions/P02649.json,results/accession_panels.json,counted
UniProtKB,P02652,https://rest.uniprot.org/uniprotkb/P02652.json,2e5582c752adc60ad702cd9e69f71e8e048ee105f22b8118631cfa59d0a26aa1,data/uniprot_accessions/P02652.json,results/accession_panels.json,counted
UniProtKB,P02654,https://rest.uniprot.org/uniprotkb/P02654.json,e8080ab212e925655b416587a746fa0a9160712c8cc32661a79ca07715d44acc,data/uniprot_accessions/P02654.json,results/accession_panels.json,counted
UniProtKB,P02655,https://rest.uniprot.org/uniprotkb/P02655.json,19ccb7746a7fc195f7cc8e2d738db85da6f6696a3dda45ea658dfb980fde185e,data/uniprot_accessions/P02655.json,results/accession_panels.json,counted
UniProtKB,P02656,https://rest.uniprot.org/uniprotkb/P02656.json,ab81461b349b9cd2fee2e3672a355504e063f9758765127d574a65534b3dcaea,data/uniprot_accessions/P02656.json,results/accession_panels.json,counted
UniProtKB,P02724,https://rest.uniprot.org/uniprotkb/P02724.json,eb9af1fe028e9bd7a1d813932680a6d6f5658c6eae90fbdde597e81aa87e7b50,data/uniprot_accessions/P02724.json,results/accession_panels.json,counted
UniProtKB,P02730,https://rest.uniprot.org/uniprotkb/P02730.json,3d75899e0c696522a1176b29ce696de0d8f953130e9ecea7017231a76c36752c,data/uniprot_accessions/P02730.json,results/accession_panels.json,counted
UniProtKB,P02735,https://rest.uniprot.org/uniprotkb/P02735.json,48044532dc06ce91fb6d1e0a49c8da10cfd94eccb38dbccb532dd7f460b838d5,data/uniprot_accessions/P02735.json,,excluded_not_used
UniProtKB,P02741,https://rest.uniprot.org/uniprotkb/P02741.json,78b444e66cce5ac4c05dce7f0fbb97c40676995576dfd77944c3f78fbc2f7ffc,data/uniprot_accessions/P02741.json,results/accession_panels.json,counted
UniProtKB,P03377,https://rest.uniprot.org/uniprotkb/P03377.json,0ad08c49bc6385d2c2166f5a004a35f70e3c732e9797832690c33f557c9accae,data/uniprot_accessions/P03377.json,results/accession_panels.json,counted
UniProtKB,P03378,https://rest.uniprot.org/uniprotkb/P03378.json,511519fecd658b0f843eec2aa6b76ded7c9c04f363034a09fe5eb3018b65c325,data/uniprot_accessions/P03378.json,results/accession_panels.json,counted
UniProtKB,P03989,https://rest.uniprot.org/uniprotkb/P03989.json,dc9767f6ebfe982852e9d0999a8c64753836983012105ea9a286de74670f7c91,data/uniprot_accessions/P03989.json,results/accession_panels.json,counted
UniProtKB,P04278,https://rest.uniprot.org/uniprotkb/P04278.json,126244522ab79af0776fbe00e19a1aa03ad30b990104573ff08290c367f0d8b1,data/uniprot_accessions/P04278.json,results/accession_panels.json,counted
UniProtKB,P04439,https://rest.uniprot.org/uniprotkb/P04439.json,e0896d4aeb51e040b5ea6072cb420f8d5f53dfb3117744eb6a74abfb49e907e6,data/uniprot_accessions/P04439.json,results/accession_panels.json,counted
UniProtKB,P04578,https://rest.uniprot.org/uniprotkb/P04578.json,367df3717d553ebe70bff4b8ec9b64431b60fc01c46e0a9efa3b3aff080d0cb7,data/uniprot_accessions/P04578.json,results/accession_panels.json,counted
UniProtKB,P04585,https://rest.uniprot.org/uniprotkb/P04585.json,d4db7d0dc805737ff2fbc3507b5731a063006f5feaf26a7d753935ce4986d47f,data/uniprot_accessions/P04585.json,results/accession_panels.json,counted
UniProtKB,P04591,https://rest.uniprot.org/uniprotkb/P04591.json,35e4f6b1315e462e78e434728a4b3b4323d264351cf3245e4edb2e2439a5df1c,data/uniprot_accessions/P04591.json,results/accession_panels.json,counted
UniProtKB,P05067,https://rest.uniprot.org/uniprotkb/P05067.json,11a6d7f4d7765d12bf56503d2cf098209b4f25a5d0fa66750f39fc63aa408823,data/uniprot_accessions/P05067.json,results/accession_panels.json,counted
UniProtKB,P05112,https://rest.uniprot.org/uniprotkb/P05112.json,b6c1a9330c627c7976183d15b31b69769b3cac0779759b9e3218d7b9a1aaef9d,data/uniprot_accessions/P05112.json,results/accession_panels.json,counted
UniProtKB,P05231,https://rest.uniprot.org/uniprotkb/P05231.json,7b2d3a723fbfb5e2fbb4670c900874fbd7d89a2d270aebcfeb49e5480fdcb94f,data/uniprot_accessions/P05231.json,results/accession_panels.json,counted
UniProtKB,P05385,https://rest.uniprot.org/uniprotkb/P05385.json,3903ff101c2f07750fa7fdb57332b3a673f296dabcdb460c01790958d18b83d0,data/uniprot_accessions/P05385.json,results/accession_panels.json,counted
UniProtKB,P05386,https://rest.uniprot.org/uniprotkb/P05386.json,33d1b14cc4cc2130b5b9770dc97f3325d2fd591dbc0d6ffc8fa4c9a12b2b2f38,data/uniprot_accessions/P05386.json,results/accession_panels.json,counted
UniProtKB,P05387,https://rest.uniprot.org/uniprotkb/P05387.json,391b11554e87f850d869032499562b77869c72ee676f31abcbc99f2e08cdc2b3,data/uniprot_accessions/P05387.json,results/accession_panels.json,counted
UniProtKB,P05388,https://rest.uniprot.org/uniprotkb/P05388.json,30be0963f5fd5b57b739008f800d6510553001f0e7f85e8f5949953f387e6719,data/uniprot_accessions/P05388.json,results/accession_panels.json,counted
UniProtKB,P06858,https://rest.uniprot.org/uniprotkb/P06858.json,07109f5e57ef5007612bf77954da6a60e7076ea689ece322f66503f079104f7b,data/uniprot_accessions/P06858.json,results/accession_panels.json,counted
UniProtKB,P08195,https://rest.uniprot.org/uniprotkb/P08195.json,fd36d2595455a6a83be88451a340e1758cebd980c52a8f237746958d5af8f5b2,data/uniprot_accessions/P08195.json,results/accession_panels.json,counted
UniProtKB,P08833,https://rest.uniprot.org/uniprotkb/P08833.json,09b7eced4a7e1b7753e68d1ecb946a2d1c8a5779a6ba77c9a18b8c400296e0fe,data/uniprot_accessions/P08833.json,results/accession_panels.json,counted
UniProtKB,P09238,https://rest.uniprot.org/uniprotkb/P09238.json,3871a315c0dc46731a67d21291778dab7666bbe90f563cf3585d7c85b879d06b,data/uniprot_accessions/P09238.json,results/accession_panels.json,counted
UniProtKB,P0C1B3,https://rest.uniprot.org/uniprotkb/P0C1B3.json,fb71f51c01f0c61a11a718a5810dfba21324d7bc3e52a833bb1f3ab694315450,data/uniprot_accessions/P0C1B3.json,results/accession_panels.json,counted
UniProtKB,P0C1B4,https://rest.uniprot.org/uniprotkb/P0C1B4.json,06e1f81927a8aeb6f708059dc05ab518ea64a0c053e9d69a8df62d5c9ba65625,data/uniprot_accessions/P0C1B4.json,results/accession_panels.json,counted
UniProtKB,P0C1B5,https://rest.uniprot.org/uniprotkb/P0C1B5.json,e63e4d6c0327a146346cec3fb63e2c86f10b800957536c2d75abc39682e278f3,data/uniprot_accessions/P0C1B5.json,results/accession_panels.json,counted
UniProtKB,P0C1B6,https://rest.uniprot.org/uniprotkb/P0C1B6.json,e91880b45a3c01d40c3733b1f65564bd82ef4a54695ba4cabbc079a221d4fdd0,data/uniprot_accessions/P0C1B6.json,results/accession_panels.json,counted
UniProtKB,P0C1B7,https://rest.uniprot.org/uniprotkb/P0C1B7.json,b35793408e4b32b64fa4a9f3f20fe963795fe5cc4eeb61e6b6acd2004a63437b,data/uniprot_accessions/P0C1B7.json,results/accession_panels.json,counted
UniProtKB,P0C1X8,https://rest.uniprot.org/uniprotkb/P0C1X8.json,35eeed1b9ded0233052d7ad57af2c5ce3dc0fb57ad566dbfcae0ea7d572478d4,data/uniprot_accessions/P0C1X8.json,results/accession_panels.json,counted
UniProtKB,P0C1X9,https://rest.uniprot.org/uniprotkb/P0C1X9.json,0be7cd6497a38450e5cb738ee482ea0c5c8d7f4254077d2d40440ac3f8c4261e,data/uniprot_accessions/P0C1X9.json,results/accession_panels.json,counted
UniProtKB,P0C1Y0,https://rest.uniprot.org/uniprotkb/P0C1Y0.json,7e8ac704b084f37b4442298d160e63362c6addc2f6b8e6a03c2ad987af8f0ea0,data/uniprot_accessions/P0C1Y0.json,results/accession_panels.json,counted
UniProtKB,P0C1Y1,https://rest.uniprot.org/uniprotkb/P0C1Y1.json,c2489a1a6556fd0549e8c153b4315f1f49de73d5f7e275fccccacb73311a1c49,data/uniprot_accessions/P0C1Y1.json,,excluded_not_used
UniProtKB,P0C1Y2,https://rest.uniprot.org/uniprotkb/P0C1Y2.json,61e9243dd1e9f8ea394529b4fae6aaefb1d8f057a59957cf4df221fee96fb78b,data/uniprot_accessions/P0C1Y2.json,results/accession_panels.json,counted
UniProtKB,P0C1Y3,https://rest.uniprot.org/uniprotkb/P0C1Y3.json,f62583971a0604d207954a4bc50d6f94e992664c5f9e10d0b194ef12e194d2d5,data/uniprot_accessions/P0C1Y3.json,,excluded_not_used
UniProtKB,P0C1Y4,https://rest.uniprot.org/uniprotkb/P0C1Y4.json,a6c7a2262110ad0c787514f307720798ef26c3632f2821b2f135073ca004448c,data/uniprot_accessions/P0C1Y4.json,results/accession_panels.json,counted
UniProtKB,P0C1Y5,https://rest.uniprot.org/uniprotkb/P0C1Y5.json,774c839bf4f7813ee69de0a30581eef4d75a11f6885e9b7d5f3fe0c4e10e1c17,data/uniprot_accessions/P0C1Y5.json,results/accession_panels.json,counted
UniProtKB,P0C1Y6,https://rest.uniprot.org/uniprotkb/P0C1Y6.json,a33a701bfc1c64724b5b22e738065cd463cce2e88195240c59dd7c729c9f9c35,data/uniprot_accessions/P0C1Y6.json,results/accession_panels.json,counted
UniProtKB,P0C1Y7,https://rest.uniprot.org/uniprotkb/P0C1Y7.json,7e32f31bba69e2e2a631b2bd9b69f5ca8cd132764298930fde7920730c25983d,data/uniprot_accessions/P0C1Y7.json,results/accession_panels.json,counted
UniProtKB,P0C1Y8,https://rest.uniprot.org/uniprotkb/P0C1Y8.json,0413fe0f6f0771d97e58c2192dc2470cff7dfbf919627c17a569c497cc9b7b5f,data/uniprot_accessions/P0C1Y8.json,results/accession_panels.json,counted
UniProtKB,P0C1Z4,https://rest.uniprot.org/uniprotkb/P0C1Z4.json,4fbb6dcc684a58bd765e6d136abed1fba9c915c72228477925ddb1e2b504c1b5,data/uniprot_accessions/P0C1Z4.json,,excluded_not_used
UniProtKB,P0C2P0,https://rest.uniprot.org/uniprotkb/P0C2P0.json,74a3514d843b743802664e8f6e0dfbddc8636ed970f3194740c271f663a22639,data/uniprot_accessions/P0C2P0.json,results/accession_panels.json,counted
UniProtKB,P0C7T8,https://rest.uniprot.org/uniprotkb/P0C7T8.json,f9c60af5ef69b2124ed6a733db8a9b825c66ffb4a21143d544895edab1814794,data/uniprot_accessions/P0C7T8.json,results/accession_panels.json,counted
UniProtKB,P0C7T9,https://rest.uniprot.org/uniprotkb/P0C7T9.json,36e5f7132900b73573bd8771bf94c08f9a079c0a256993549ef908b605214b81,data/uniprot_accessions/P0C7T9.json,,excluded_not_used
UniProtKB,P0C7U0,https://rest.uniprot.org/uniprotkb/P0C7U0.json,2f1acfbcfa17b3018f64c221730df2c24a2a65ca92fcbd7403f2f52c042056a9,data/uniprot_accessions/P0C7U0.json,results/accession_panels.json,counted
UniProtKB,P0C7U5,https://rest.uniprot.org/uniprotkb/P0C7U5.json,4bebf518f1b31d0674aa0df59c1fc898ce6d88d46f65783c89c5eaa630ccc9e5,data/uniprot_accessions/P0C7U5.json,results/accession_panels.json,counted
UniProtKB,P0C8W2,https://rest.uniprot.org/uniprotkb/P0C8W2.json,6a2a1c984e5df94909560333b763b6e7cf9385a9884b3ee914f3e55d9d62f9e3,data/uniprot_accessions/P0C8W2.json,results/accession_panels.json,counted
UniProtKB,P0C8X8,https://rest.uniprot.org/uniprotkb/P0C8X8.json,e9551018f6b59e120f15f961ddd7b3f3c61490757ce3095f936bb9d53456fc55,data/uniprot_accessions/P0C8X8.json,results/accession_panels.json,counted
UniProtKB,P0C8X9,https://rest.uniprot.org/uniprotkb/P0C8X9.json,49bad2a0b3234b4673c87a0b046cd70b6ca4e7760a645e21f0945f464d7f2e3f,data/uniprot_accessions/P0C8X9.json,results/accession_panels.json,counted
UniProtKB,P0C8Y1,https://rest.uniprot.org/uniprotkb/P0C8Y1.json,1d4fd1b1bf62765cd350ac89d968a4550590bfe2b29658b97962df1fb6e9b718,data/uniprot_accessions/P0C8Y1.json,results/accession_panels.json,counted
UniProtKB,P0DJA3,https://rest.uniprot.org/uniprotkb/P0DJA3.json,c7cc6e87cdcfc75338257ef4489906ed2e383c2a53c4d872658cce8cb18db28e,data/uniprot_accessions/P0DJA3.json,results/accession_panels.json,counted
UniProtKB,P10153,https://rest.uniprot.org/uniprotkb/P10153.json,e7218b661055afad52cf4581c08b7c7663ae85730f0de82608867b7d856d2a0f,data/uniprot_accessions/P10153.json,results/accession_panels.json,counted
UniProtKB,P10321,https://rest.uniprot.org/uniprotkb/P10321.json,2eb043305f85322dd2c261a909edc4c184f5101d1c13c0e5c518141fabd67a49,data/uniprot_accessions/P10321.json,results/accession_panels.json,counted
UniProtKB,P10997,https://rest.uniprot.org/uniprotkb/P10997.json,0b3cd9b821513545878212579fff4ad434bc8cf3f1bbbf323f099e938382edc1,data/uniprot_accessions/P10997.json,results/accession_panels.json,counted
UniProtKB,P11166,https://rest.uniprot.org/uniprotkb/P11166.json,5fb5824802c8a061ffcf7596dab0922c14b19252af8d6bb86cbc70fd94b09513,data/uniprot_accessions/P11166.json,results/accession_panels.json,counted
UniProtKB,P11169,https://rest.uniprot.org/uniprotkb/P11169.json,1e62c2ec7b9843c4e62e31e4cd3b615f707c68b0363d53b86796e196fa034dd2,data/uniprot_accessions/P11169.json,results/accession_panels.json,counted
UniProtKB,P12724,https://rest.uniprot.org/uniprotkb/P12724.json,3b1c3def38d40c57f9826df21a9872a59aae9096986d31e20d92f3363f139769,data/uniprot_accessions/P12724.json,results/accession_panels.json,counted
UniProtKB,P13727,https://rest.uniprot.org/uniprotkb/P13727.json,e4270d552b9ed6aafaddc415952beb146fdd8d941090bab3381f50ce67455852,data/uniprot_accessions/P13727.json,results/accession_panels.json,counted
UniProtKB,P13746,https://rest.uniprot.org/uniprotkb/P13746.json,f219fbedddacfe44633825ca28fc1baf7fbb31f3cd1c81cce90e04f7e2ddf291,data/uniprot_accessions/P13746.json,results/accession_panels.json,counted
UniProtKB,P20073,https://rest.uniprot.org/uniprotkb/P20073.json,cb4dd66b6915c18ef63ee4c7df954f4cc91aa172fc2b4f847f944d1e28b12b4f,data/uniprot_accessions/P20073.json,results/accession_panels.json,counted
UniProtKB,P25021,https://rest.uniprot.org/uniprotkb/P25021.json,17cfb1784b4affa331844a09fffbfb6974948b5cdb278bab706f35eba0d1544f,data/uniprot_accessions/P25021.json,results/accession_panels.json,counted
UniProtKB,P30048,https://rest.uniprot.org/uniprotkb/P30048.json,645e5ca52e2bafca59599071e54734d1f11e311cb306e1cbe543a4f1708df921,data/uniprot_accessions/P30048.json,results/accession_panels.json,counted
UniProtKB,P30443,https://rest.uniprot.org/uniprotkb/P30443.json,b123aef3c9d029c4c58643fd98fb8c02c998baaa59ea2afe9a8a70786898b5ae,data/uniprot_accessions/P30443.json,results/accession_panels.json,counted
UniProtKB,P30511,https://rest.uniprot.org/uniprotkb/P30511.json,a5475a8352866852dcd3da5c42150b761d4df1ce49c2eb41ea12c6254d295324,data/uniprot_accessions/P30511.json,results/accession_panels.json,counted
UniProtKB,P34077,https://rest.uniprot.org/uniprotkb/P34077.json,c1e7ccca8be49037af82889070dd7adc84e29f597970021e1a773d3d3a463f67,data/uniprot_accessions/P34077.json,results/accession_panels.json,counted
UniProtKB,P34078,https://rest.uniprot.org/uniprotkb/P34078.json,d3f2e27b5c28e8113346f7a1f7ddab81634cdcc685ccbeffbe55c393fd74c695,data/uniprot_accessions/P34078.json,results/accession_panels.json,counted
UniProtKB,P38573,https://rest.uniprot.org/uniprotkb/P38573.json,e269e266e4b0de0e3ccb2605948317de87901851eae2e0edf7994def481b2d88,data/uniprot_accessions/P38573.json,results/accession_panels.json,counted
UniProtKB,P46112,https://rest.uniprot.org/uniprotkb/P46112.json,d351248e1a8569892dcb12076e67a4afc50cdc90befd783d555d78df148e396f,data/uniprot_accessions/P46112.json,results/accession_panels.json,counted
UniProtKB,P47895,https://rest.uniprot.org/uniprotkb/P47895.json,ccad3b5cac52576982415af9e6b6aa3ffda7f1ac0e4bd0f12ecdcba1a72609aa,data/uniprot_accessions/P47895.json,results/accession_panels.json,counted
UniProtKB,P49913,https://rest.uniprot.org/uniprotkb/P49913.json,d248a18b85d3ff3a7ef78967b57a8ce6af677fff645691208477a526a05a7c4d,data/uniprot_accessions/P49913.json,results/accession_panels.json,counted
UniProtKB,P54522,https://rest.uniprot.org/uniprotkb/P54522.json,33c615f097655c984eff39326dbbac4e33d2a71954daa7c5d3b4c5e9702b7c04,data/uniprot_accessions/P54522.json,results/accession_panels.json,counted
UniProtKB,P54523,https://rest.uniprot.org/uniprotkb/P54523.json,dfc80c211c40fbc93ad2c74680f7e04034d0eab0c2ab658cb78f6b2d66f2ca19,data/uniprot_accessions/P54523.json,results/accession_panels.json,counted
UniProtKB,P54524,https://rest.uniprot.org/uniprotkb/P54524.json,14a5f0bfc42689ab5e275ad944d2c354e4581a541bd4aa6bb38ea42736270c68,data/uniprot_accessions/P54524.json,results/accession_panels.json,counted
UniProtKB,P56253,https://rest.uniprot.org/uniprotkb/P56253.json,92fdac79dd95c19ddff2ca9f80a91c6a1332b97730ab505b355bb32f3f90bf3d,data/uniprot_accessions/P56253.json,,excluded_not_used
UniProtKB,P56254,https://rest.uniprot.org/uniprotkb/P56254.json,7abe8e46bd52b182840fb577ee206a9332cb5040cb834361fea7c33e071de1b5,data/uniprot_accessions/P56254.json,results/accession_panels.json,counted
UniProtKB,P56255,https://rest.uniprot.org/uniprotkb/P56255.json,747a4f4c7e289802f1076722f8e11f4b472397cff212cf8ab754c875f6fb6125,data/uniprot_accessions/P56255.json,results/accession_panels.json,counted
UniProtKB,P56256,https://rest.uniprot.org/uniprotkb/P56256.json,6ae784f2578c40960cf27917b24e360a349afb8b8cacc5820d0b5b7ea0667776,data/uniprot_accessions/P56256.json,results/accession_panels.json,counted
UniProtKB,P56257,https://rest.uniprot.org/uniprotkb/P56257.json,cb791ead01ffba59bb3df1fcf4c42d20f4d94c506dfe3227d7084dcec3254ac3,data/uniprot_accessions/P56257.json,results/accession_panels.json,counted
UniProtKB,P56258,https://rest.uniprot.org/uniprotkb/P56258.json,785b00297105d34b4ba3762225fd4e408387ef5c933d7c83306da9a734e6d3c3,data/uniprot_accessions/P56258.json,results/accession_panels.json,counted
UniProtKB,P59665,https://rest.uniprot.org/uniprotkb/P59665.json,4dfe86d5506b008bc780a7b95aa3dde1e17607e5d1e4530bf2877000c2805efe,data/uniprot_accessions/P59665.json,results/accession_panels.json,counted
UniProtKB,P59666,https://rest.uniprot.org/uniprotkb/P59666.json,d67ab9d1305e48936dffc0799050bf105f1ad99c94ab114ef5953236fa4c5f22,data/uniprot_accessions/P59666.json,results/accession_panels.json,counted
UniProtKB,P61769,https://rest.uniprot.org/uniprotkb/P61769.json,c5d88002d44b0144dd08402b4747207d5e509cb62744a0d89bc79246a2f87338,data/uniprot_accessions/P61769.json,results/accession_panels.json,counted
UniProtKB,P62258,https://rest.uniprot.org/uniprotkb/P62258.json,dc50bac18c04b35dc0559646e7446223c4a78aadd9949465a7689f3499859faf,data/uniprot_accessions/P62258.json,results/accession_panels.json,counted
UniProtKB,P62263,https://rest.uniprot.org/uniprotkb/P62263.json,18c5d566084ded1059d105f3f8a0ba5b31cb01d481ce41ab1696c4defc37fdc7,data/uniprot_accessions/P62263.json,results/accession_panels.json,counted
UniProtKB,P62266,https://rest.uniprot.org/uniprotkb/P62266.json,78c2ad55a59aaf0b2efbea21eac1c299df41df130fc8f3a7c395f804e87efff4,data/uniprot_accessions/P62266.json,results/accession_panels.json,counted
UniProtKB,P62269,https://rest.uniprot.org/uniprotkb/P62269.json,5aa43d4239d6eca23ea19383409de0672b080766456577f8503b142eee0d23a8,data/uniprot_accessions/P62269.json,results/accession_panels.json,counted
UniProtKB,P62277,https://rest.uniprot.org/uniprotkb/P62277.json,a143083844d12967f57bfff286a14e26f20b395c911a4de04b931dec321f5000,data/uniprot_accessions/P62277.json,results/accession_panels.json,counted
UniProtKB,P62280,https://rest.uniprot.org/uniprotkb/P62280.json,a6bf463799d5c6cb61053a3b7d2799329ca652bb1b587d0a2bd07c436c86e8c9,data/uniprot_accessions/P62280.json,results/accession_panels.json,counted
UniProtKB,P80424,https://rest.uniprot.org/uniprotkb/P80424.json,7f02da82c75e3997655f77cc3a26bb6ee82ebff8d28788e28062f28d5c38e784,data/uniprot_accessions/P80424.json,results/accession_panels.json,counted
UniProtKB,P81534,https://rest.uniprot.org/uniprotkb/P81534.json,36f6f99ec4a1b97842759d1098ad6b77a59efcf82c88988f5f67ae592810fbf5,data/uniprot_accessions/P81534.json,results/accession_panels.json,counted
UniProtKB,P81605,https://rest.uniprot.org/uniprotkb/P81605.json,761b3dfea43a9d66163da9781ac85dd85158db8a93512974af39d3c6f9fe3d35,data/uniprot_accessions/P81605.json,results/accession_panels.json,counted
UniProtKB,P82380,https://rest.uniprot.org/uniprotkb/P82380.json,e18e9a0369c2f5fe272c91660417738cb03dc412edd6f112418d65a9d98b9405,data/uniprot_accessions/P82380.json,results/accession_panels.json,counted
UniProtKB,P82381,https://rest.uniprot.org/uniprotkb/P82381.json,455511892b94067c22079850863d4d7b03fc2088f3bc4fb99b7e3e13a719c764,data/uniprot_accessions/P82381.json,results/accession_panels.json,counted
UniProtKB,P82383,https://rest.uniprot.org/uniprotkb/P82383.json,8eee9c344a51211d68705b5eb73cde17539ebbec986f6633e4932fe01c3f1a00,data/uniprot_accessions/P82383.json,results/accession_panels.json,counted
UniProtKB,P82384,https://rest.uniprot.org/uniprotkb/P82384.json,02bd403b1b858e800c101b92226227bcb8cd06d65bf37c37b1efa205dbb8645b,data/uniprot_accessions/P82384.json,results/accession_panels.json,counted
UniProtKB,P82385,https://rest.uniprot.org/uniprotkb/P82385.json,70897cdea165638ed31ca973963c9425d51a13259297a0935cdeba9791aa44c7,data/uniprot_accessions/P82385.json,results/accession_panels.json,counted
UniProtKB,P82386,https://rest.uniprot.org/uniprotkb/P82386.json,d0b8c10791c9e31c0ce368ff8a5ec34385d24289c757ba2dff31bf879a648686,data/uniprot_accessions/P82386.json,,excluded_not_used
UniProtKB,P82387,https://rest.uniprot.org/uniprotkb/P82387.json,3af9475ee4ffd246745b06193889d50ad1ef1de0a60b268bf505ae883652932f,data/uniprot_accessions/P82387.json,,excluded_not_used
UniProtKB,P82388,https://rest.uniprot.org/uniprotkb/P82388.json,269fe1d812da4a5609e36fff1a902e7a274411ec78690244b5622ed002c240a0,data/uniprot_accessions/P82388.json,,excluded_not_used
UniProtKB,P82389,https://rest.uniprot.org/uniprotkb/P82389.json,7134eb43857bcb5f8fdbc96802034f2f54114c7c3a55427381c0a8f1d9520664,data/uniprot_accessions/P82389.json,results/accession_panels.json,counted
UniProtKB,P84548,https://rest.uniprot.org/uniprotkb/P84548.json,7b2c2869c0c24a414ba223601fef95d0aceb086ba2b5733c4c712b4961cd04d8,data/uniprot_accessions/P84548.json,results/accession_panels.json,counted
UniProtKB,P84549,https://rest.uniprot.org/uniprotkb/P84549.json,b3db7fd2a43582b0baf680c693608ea99ed2393922bc181680df1baae772cd09,data/uniprot_accessions/P84549.json,results/accession_panels.json,counted
UniProtKB,P84550,https://rest.uniprot.org/uniprotkb/P84550.json,7f7744e84a2f6950e58cbd194d9749edb48a35072deb5cac8eb0fb6078d36ba2,data/uniprot_accessions/P84550.json,results/accession_panels.json,counted
UniProtKB,P84551,https://rest.uniprot.org/uniprotkb/P84551.json,02c4258a9f2360ccd2d6e32025c3378857d864c7b97e502165dca73f2b613b49,data/uniprot_accessions/P84551.json,results/accession_panels.json,counted
UniProtKB,Q16559,https://rest.uniprot.org/uniprotkb/Q16559.json,f4c1a3c26f41686e9a5448ce4246076f0e2f0a30753aefd7d8ba7f46c3389ce0,data/uniprot_accessions/Q16559.json,results/accession_panels.json,counted
UniProtKB,Q9Y5Y6,https://rest.uniprot.org/uniprotkb/Q9Y5Y6.json,be2c1d8b2ac93801dc1e8cbdb57843a7cc0c64cf60a8016bfbf27653cd4ac8f4,data/uniprot_accessions/Q9Y5Y6.json,results/accession_panels.json,counted
DBAASP,DBAASPR_36,https://dbaasp.org/peptides/36?format=json,44f91eadece04a6c45e9ec0d67f14b5a9f66106666b6b625d095434bc372a58c,data/external/dbaasp_records.json,results/dbaasp_novelty_screen.json,counted
DBAASP,DBAASPR_37,https://dbaasp.org/peptides/37?format=json,d7a30b6118c7c41c3bb0eb47baa708e8556b9b37034e52cd4f6144838af37884,data/external/dbaasp_records.json,results/dbaasp_novelty_screen.json,counted
DBAASP,DBAASPS_38,https://dbaasp.org/peptides/38?format=json,2377a34d934142e27f7cb6691e48e3335912c744f1b38661bca9741ad39edec1,data/external/dbaasp_records.json,results/dbaasp_novelty_screen.json,counted
DBAASP,DBAASPS_51,https://dbaasp.org/peptides/51?format=json,5f033eaddb57de598136cf4be3739c17d22a9c4cd2c634e667df5e11ea3d03c3,data/external/dbaasp_records.json,results/dbaasp_novelty_screen.json,counted
DBAASP,DBAASPS_52,https://dbaasp.org/peptides/52?format=json,a5ef3bea18a0003008432e3c3b89d7d8cbfb338f991c71430b498e3faa2c01fc,data/external/dbaasp_records.json,results/dbaasp_novelty_screen.json,counted
DBAASP,DBAASPS_53,https://dbaasp.org/peptides/53?format=json,3671801c440a13eac467cdcda0b0c145ceacf02fcefc81b9d635311b06b846ff,data/external/dbaasp_records.json,results/dbaasp_novelty_screen.json,counted
DBAASP,DBAASPR_54,https://dbaasp.org/peptides/54?format=json,abe3968db298629fa306ac2634d0ed6d789fc74f7114b8e91009ff757e125254,data/external/dbaasp_records.json,results/dbaasp_novelty_screen.json,counted
DBAASP,DBAASPR_55,https://dbaasp.org/peptides/55?format=json,0f551fcb633176abdd9c0d042012efb7b8a7dd20d004a2e0a91222edabc3cc6f,data/external/dbaasp_records.json,results/dbaasp_novelty_screen.json,counted
DBAASP,DBAASPS_56,https://dbaasp.org/peptides/56?format=json,6471e64f39d52d282ca7fa545c1e0270225fc3a77726dca712c92e9387dff14c,data/external/dbaasp_records.json,results/dbaasp_novelty_screen.json,counted
DBAASP,DBAASPR_57,https://dbaasp.org/peptides/57?format=json,db68504718359afb9eafa7d09408761be39a40b961468bb5c40511ddfce48888,data/external/dbaasp_records.json,results/dbaasp_novelty_screen.json,counted
DBAASP,DBAASPS_58,https://dbaasp.org/peptides/58?format=json,66a0c46c6da6c382d5d53948a6286df3d96f719ae067dff4eb2ebe426cc4bb1a,data/external/dbaasp_records.json,results/dbaasp_novelty_screen.json,counted
DBAASP,DBAASPS_59,https://dbaasp.org/peptides/59?format=json,ab992d1d79c869de49edb4b1915d49ae244996e1909de0634145215124f9803e,data/external/dbaasp_records.json,results/dbaasp_novelty_screen.json,counted
DBAASP,DBAASPS_72,https://dbaasp.org/peptides/72?format=json,65cff785350ec51a69074ef2d1ea2eb961c45b45d2599b505cd738f290285cdb,data/external/dbaasp_records.json,results/dbaasp_novelty_screen.json,counted
DBAASP,DBAASPS_73,https://dbaasp.org/peptides/73?format=json,f580f55c35b27ea06b466ba83b1cb51fe36593e6545e2c933a121207fcc77b2d,data/external/dbaasp_records.json,results/dbaasp_novelty_screen.json,counted
DBAASP,DBAASPS_74,https://dbaasp.org/peptides/74?format=json,164fba2408dabdf17eba6cf67dc3c24b6b9cbb5bd3dfa84defbf62f53782d771,data/external/dbaasp_records.json,results/dbaasp_novelty_screen.json,counted
DBAASP,DBAASPS_75,https://dbaasp.org/peptides/75?format=json,b2dcf5d33c449b4b251d7fe5329600b7a17bfbccedff6bd91f300acbc8652002,data/external/dbaasp_records.json,results/dbaasp_novelty_screen.json,counted
DBAASP,DBAASPS_77,https://dbaasp.org/peptides/77?format=json,c90bc35af15927a76e5aa79d55f1319bea474b7d5faa4a894737cb23fea7d399,data/external/dbaasp_records.json,results/dbaasp_novelty_screen.json,counted
DBAASP,DBAASPS_78,https://dbaasp.org/peptides/78?format=json,8dfa3e9b22f76de99db8955628651dadbc0fc5e829d708981ba45006d3c5c309,data/external/dbaasp_records.json,results/dbaasp_novelty_screen.json,counted
DBAASP,DBAASPS_79,https://dbaasp.org/peptides/79?format=json,53cdc6b6b59fd829f32f51a56371fd6925725fc3a2f9767142d999fc8187a4c3,data/external/dbaasp_records.json,results/dbaasp_novelty_screen.json,counted
DBAASP,DBAASPS_80,https://dbaasp.org/peptides/80?format=json,3544471e90c9429da53bca76c902f55a8806adbe51e155140b40e64b6533e41a,data/external/dbaasp_records.json,results/dbaasp_novelty_screen.json,counted
DBAASP,DBAASPS_81,https://dbaasp.org/peptides/81?format=json,7070bebb8c5a649978949774bafc49f2a152723bfd99412096df9b8f754abb76,data/external/dbaasp_records.json,results/dbaasp_novelty_screen.json,counted
DBAASP,DBAASPS_82,https://dbaasp.org/peptides/82?format=json,3d3d3cd5b9e12ccc9668d0cc4c2dcb22765c42e14284ec024b9e8889a532ba47,data/external/dbaasp_records.json,results/dbaasp_novelty_screen.json,counted
DBAASP,DBAASPS_83,https://dbaasp.org/peptides/83?format=json,8f1ce59cf7c8c5d17033e590d9a4640500fe14ec0800e6f5111df773587cb45c,data/external/dbaasp_records.json,results/dbaasp_novelty_screen.json,counted
DBAASP,DBAASPS_84,https://dbaasp.org/peptides/84?format=json,40bd794ba61d2198506b5e8ed51dd92026d271ae9ed7dd91a46e69b158cdf0f6,data/external/dbaasp_records.json,results/dbaasp_novelty_screen.json,counted
DBAASP,DBAASPS_85,https://dbaasp.org/peptides/85?format=json,cb1cc367e42b70fc8f87ac344de0d15b1bf1068440cc41f5ecd5d1ab9bf4b9c9,data/external/dbaasp_records.json,results/dbaasp_novelty_screen.json,counted
DBAASP,DBAASPS_86,https://dbaasp.org/peptides/86?format=json,f3f31ae2c28be361112be0d8ae7bb77d6ece2429d3cfd53c1432da72e1ad15dc,data/external/dbaasp_records.json,results/dbaasp_novelty_screen.json,counted
DBAASP,DBAASPS_87,https://dbaasp.org/peptides/87?format=json,29df5bbf55c2d9e5ee3c1f5ee1d0c15f3cdb3b3e972032f92344984eff74834c,data/external/dbaasp_records.json,results/dbaasp_novelty_screen.json,counted
DBAASP,DBAASPS_88,https://dbaasp.org/peptides/88?format=json,f55956ca64d6f8e1583bb39345fbf1e33d2bf75d30d1e3650467847de5eb1089,data/external/dbaasp_records.json,results/dbaasp_novelty_screen.json,counted
DBAASP,DBAASPS_89,https://dbaasp.org/peptides/89?format=json,cc55a0c4ff48352d05496e78b6bfca8f88f38ecc3c14d0999621402772e4a1da,data/external/dbaasp_records.json,results/dbaasp_novelty_screen.json,counted
DBAASP,DBAASPS_90,https://dbaasp.org/peptides/90?format=json,15a5a4fa5b84f159758dab4922c580b6b29d031f8c2a8f0ae43450e32ee0126e,data/external/dbaasp_records.json,results/dbaasp_novelty_screen.json,counted
DBAASP,DBAASPS_91,https://dbaasp.org/peptides/91?format=json,3e22ded7dc05a61ccf46d62fbafdcc4e1c7c05b324984b086fe0183f846b58ba,data/external/dbaasp_records.json,results/dbaasp_novelty_screen.json,counted
DBAASP,DBAASPS_92,https://dbaasp.org/peptides/92?format=json,63ed179e8bd87b721d50b697539514c528af5f81f38c9958923bdb5775473f8c,data/external/dbaasp_records.json,results/dbaasp_novelty_screen.json,counted
DBAASP,DBAASPS_93,https://dbaasp.org/peptides/93?format=json,a8885f1dda5c5523550b79888a2e021b4525be9a9f0d297c1077e1aee620e9e4,data/external/dbaasp_records.json,results/dbaasp_novelty_screen.json,counted
DBAASP,DBAASPS_94,https://dbaasp.org/peptides/94?format=json,4e4db078b95d775d05f5f6b43e527b049bf22b45c85ea46e9d1eee44858a0b5d,data/external/dbaasp_records.json,results/dbaasp_novelty_screen.json,counted
DBAASP,DBAASPS_95,https://dbaasp.org/peptides/95?format=json,ea59892ef03615cfeb02ac0488d78344900ff6f13b6e7b513ce2425b9613ceca,data/external/dbaasp_records.json,results/dbaasp_novelty_screen.json,counted
DBAASP,DBAASPS_96,https://dbaasp.org/peptides/96?format=json,b76b17b95c4b91ac2555b1ea7daec8be02872603cd0fa7880b79530613eace26,data/external/dbaasp_records.json,results/dbaasp_novelty_screen.json,counted
DBAASP,DBAASPS_97,https://dbaasp.org/peptides/97?format=json,5ccc09e8e84117d8b688e19c09847d49cf79d6282e26e274b9394b0fe81d8622,data/external/dbaasp_records.json,results/dbaasp_novelty_screen.json,counted
DBAASP,DBAASPS_98,https://dbaasp.org/peptides/98?format=json,dbdcb672ea0c3ac64fa31aa9917e2ef8045d3ae53a6026ffaaea9073c25df72a,data/external/dbaasp_records.json,results/dbaasp_novelty_screen.json,counted
DBAASP,DBAASPS_99,https://dbaasp.org/peptides/99?format=json,77429108d926753c9f6e86eb0edcbd95280b6194207345312f429450f7d74a55,data/external/dbaasp_records.json,results/dbaasp_novelty_screen.json,counted
DBAASP,DBAASPS_102,https://dbaasp.org/peptides/102?format=json,a4ab3b2e34c4fbcfa73dbc75c1888f50784f25dd5423e546cfe9717ca0602dce,data/external/dbaasp_records.json,results/dbaasp_novelty_screen.json,counted
DBAASP,DBAASPS_103,https://dbaasp.org/peptides/103?format=json,537c8aeab209c30e8c56f4af4870982d958def8077f6bd83c735b9119082a241,data/external/dbaasp_records.json,results/dbaasp_novelty_screen.json,counted
DBAASP,DBAASPS_104,https://dbaasp.org/peptides/104?format=json,3af6b5095e644481a7af0c62aa3696f2a8622cd05cf34a94d79b6394084935d8,data/external/dbaasp_records.json,results/dbaasp_novelty_screen.json,counted
DBAASP,DBAASPS_105,https://dbaasp.org/peptides/105?format=json,826e42a41777aeb4924ade02ba11341b4055af41f6e7fa248feb1ce0bf231e4a,data/external/dbaasp_records.json,results/dbaasp_novelty_screen.json,counted
DBAASP,DBAASPS_106,https://dbaasp.org/peptides/106?format=json,886777d58323b7dc9ea1e3060c55b308de69a115e31c69e8bb2d802a7fc5232f,data/external/dbaasp_records.json,results/dbaasp_novelty_screen.json,counted
DBAASP,DBAASPS_107,https://dbaasp.org/peptides/107?format=json,8b0c0df304f51b62c92da42fadd97597aaff89e1991688fc9f60edb0be434e4d,data/external/dbaasp_records.json,results/dbaasp_novelty_screen.json,counted
DBAASP,DBAASPS_108,https://dbaasp.org/peptides/108?format=json,f9d515f7a27cb7849fb2772c7f73e9e8b3da930f60a2211ffca8ff288beb7146,data/external/dbaasp_records.json,results/dbaasp_novelty_screen.json,counted
DBAASP,DBAASPS_109,https://dbaasp.org/peptides/109?format=json,7f166efb77e9870ae5d31a6fa86cd944289895b2d01ed984091134644de740b7,data/external/dbaasp_records.json,results/dbaasp_novelty_screen.json,counted
DBAASP,DBAASPS_110,https://dbaasp.org/peptides/110?format=json,c845c38a14894a950a28944d8d88cb1218303497dd5ada63bc534374360a5143,data/external/dbaasp_records.json,results/dbaasp_novelty_screen.json,counted
DBAASP,DBAASPS_111,https://dbaasp.org/peptides/111?format=json,6cb79dcf46f4da78061e196d329dd5f74193db68fc852c691ce029c54f93fe30,data/external/dbaasp_records.json,results/dbaasp_novelty_screen.json,counted
DBAASP,DBAASPS_112,https://dbaasp.org/peptides/112?format=json,1a8a0a5067758c91e35c4905f12a0cd52a7ff5692366acddbce14968107a55ff,data/external/dbaasp_records.json,results/dbaasp_novelty_screen.json,counted
DBAASP,DBAASPS_113,https://dbaasp.org/peptides/113?format=json,d13fb9031d3bad9de1096f10296afd601e9cd1ba8b9486f46f9c6b3408e29b68,data/external/dbaasp_records.json,results/dbaasp_novelty_screen.json,counted
DBAASP,DBAASPS_115,https://dbaasp.org/peptides/115?format=json,219b5e658b6b9dbad249b232a7658401034eb1d4471307916e6e9d6ff250c718,data/external/dbaasp_records.json,results/dbaasp_novelty_screen.json,counted
DBAASP,DBAASPS_116,https://dbaasp.org/peptides/116?format=json,001d8e8c3f6757200fd7eeba0b1a6ae0f4d79bcc8f989bc7d4d3c3da025a506d,data/external/dbaasp_records.json,results/dbaasp_novelty_screen.json,counted
DBAASP,DBAASPS_117,https://dbaasp.org/peptides/117?format=json,55ee469c75670597bd13f34053c9911108971ce4e13fc44abad45f431f7519a5,data/external/dbaasp_records.json,results/dbaasp_novelty_screen.json,counted
DBAASP,DBAASPS_118,https://dbaasp.org/peptides/118?format=json,c1f4eeca86accd02a436f80568595fc61ce10b1e44df55d1a701d1defcd96200,data/external/dbaasp_records.json,results/dbaasp_novelty_screen.json,counted
DBAASP,DBAASPS_119,https://dbaasp.org/peptides/119?format=json,04b949a6cf4fe2aa04be202686de70c63a533eeb65981d5ded919b53ebc26fb2,data/external/dbaasp_records.json,results/dbaasp_novelty_screen.json,counted
DBAASP,DBAASPS_120,https://dbaasp.org/peptides/120?format=json,735dfd4675a4230921feaab62898dcf66410cdc01410aa4526f3062896eb016f,data/external/dbaasp_records.json,results/dbaasp_novelty_screen.json,counted
DBAASP,DBAASPS_121,https://dbaasp.org/peptides/121?format=json,a4c5652f2b6074c205808ccabfb9f09ff11d06aa7e8a4424a4d25e0c28746846,data/external/dbaasp_records.json,results/dbaasp_novelty_screen.json,counted
DBAASP,DBAASPS_122,https://dbaasp.org/peptides/122?format=json,fa61888f2830b18be8491c541852f125c8b0b89b826394ac2a05fd2219e94bda,data/external/dbaasp_records.json,results/dbaasp_novelty_screen.json,counted
DBAASP,DBAASPS_123,https://dbaasp.org/peptides/123?format=json,368d8eb24f78d8f91c760bc5e7e897e7f1a23400d91362b1e794936ae1169d3a,data/external/dbaasp_records.json,results/dbaasp_novelty_screen.json,counted
DBAASP,DBAASPS_124,https://dbaasp.org/peptides/124?format=json,909070ce2772ebba9defc4c83ca4957f5b0081777bd5dce78535a772acdf7063,data/external/dbaasp_records.json,results/dbaasp_novelty_screen.json,counted
DBAASP,DBAASPS_125,https://dbaasp.org/peptides/125?format=json,d22781215468c80e5082ed3d79a89d5472cdf45233d93b501bc7376211d7d1d6,data/external/dbaasp_records.json,results/dbaasp_novelty_screen.json,counted
DBAASP,DBAASPS_126,https://dbaasp.org/peptides/126?format=json,3ec27b32dd359297ae331a0a891a39ed308262cdda7d2607ac2eb9029d171fab,data/external/dbaasp_records.json,results/dbaasp_novelty_screen.json,counted
DBAASP,DBAASPS_127,https://dbaasp.org/peptides/127?format=json,4dbc1dbd0e14a56729b24cca0088aa6462b325e2c5b4086fa4169fd6d29b011c,data/external/dbaasp_records.json,results/dbaasp_novelty_screen.json,counted
DBAASP,DBAASPS_128,https://dbaasp.org/peptides/128?format=json,7e6eb96fcb3088940d99396d18d264dde8bfba70a3901fafb7bec1584552242e,data/external/dbaasp_records.json,results/dbaasp_novelty_screen.json,counted
DBAASP,DBAASPS_129,https://dbaasp.org/peptides/129?format=json,7dde7aa182f283a01354869620ac7e623155c024293a96e175ff22958e174a05,data/external/dbaasp_records.json,results/dbaasp_novelty_screen.json,counted
DBAASP,DBAASPS_130,https://dbaasp.org/peptides/130?format=json,2b45fd528d5ded9bee93570109c9e3ac14e99241806bdc5e9b83b2aae1ba206d,data/external/dbaasp_records.json,results/dbaasp_novelty_screen.json,counted
DBAASP,DBAASPS_131,https://dbaasp.org/peptides/131?format=json,4e4baa3dee5f57ae767b588d3654e24f714b79cd6696cac63bdbbfdb4b8e6440,data/external/dbaasp_records.json,results/dbaasp_novelty_screen.json,counted
DBAASP,DBAASPS_132,https://dbaasp.org/peptides/132?format=json,bd9636eafe00efd19f5f115bf8797d094c2df142977041f2794921ffdb1e1e62,data/external/dbaasp_records.json,results/dbaasp_novelty_screen.json,counted
DBAASP,DBAASPS_133,https://dbaasp.org/peptides/133?format=json,bca92fce77c089dedd6f1ea3bbc6dd2d6472f4ee99156f152593f33880de2778,data/external/dbaasp_records.json,results/dbaasp_novelty_screen.json,counted
DBAASP,DBAASPS_134,https://dbaasp.org/peptides/134?format=json,378170706773bf310f55426548d7d6b4fc2580b41c4da94da010507e25a1bcf6,data/external/dbaasp_records.json,results/dbaasp_novelty_screen.json,counted
DBAASP,DBAASPS_135,https://dbaasp.org/peptides/135?format=json,5191a85354d33bca0649ce624173d5139741e483fe90bb7fe7c8f7af92a39972,data/external/dbaasp_records.json,results/dbaasp_novelty_screen.json,counted
DBAASP,DBAASPS_136,https://dbaasp.org/peptides/136?format=json,6bfb3888ba9ddbe23f16d7d06f9e6f5c3123555b4744b663b1be38a7a09a5da0,data/external/dbaasp_records.json,results/dbaasp_novelty_screen.json,counted
DBAASP,DBAASPS_137,https://dbaasp.org/peptides/137?format=json,c48897e4664881eed57b379e5634d3f0161d5b0a1c2bd90d4a9021be3b9be2c0,data/external/dbaasp_records.json,results/dbaasp_novelty_screen.json,counted
DBAASP,DBAASPS_138,https://dbaasp.org/peptides/138?format=json,2da929a5f5815bf3fab9d7fb929f1d6572898cec66e4bb5a35f57fe5fc39ba4e,data/external/dbaasp_records.json,results/dbaasp_novelty_screen.json,counted
DBAASP,DBAASPS_139,https://dbaasp.org/peptides/139?format=json,ea08ec037ddda63cc0813adbc0ef620c34e720ad11b9ef06997b974f4b582e34,data/external/dbaasp_records.json,results/dbaasp_novelty_screen.json,counted
DBAASP,DBAASPS_140,https://dbaasp.org/peptides/140?format=json,23688fad60ea03381278ae3cebcdd7e7af940a9b527e6a2ead28b10d1d91b273,data/external/dbaasp_records.json,results/dbaasp_novelty_screen.json,counted
DBAASP,DBAASPS_141,https://dbaasp.org/peptides/141?format=json,3ef1ac3e8cdf8595c98975da71048d8d0a54f8585e92e6e2e910695feaa3f097,data/external/dbaasp_records.json,results/dbaasp_novelty_screen.json,counted
DBAASP,DBAASPS_142,https://dbaasp.org/peptides/142?format=json,b0c081a62175e14f5f532557135cb682dfb133999451c3a9cdce581d184a8a70,data/external/dbaasp_records.json,results/dbaasp_novelty_screen.json,counted
DBAASP,DBAASPS_143,https://dbaasp.org/peptides/143?format=json,7bbc6ba614d04598d6fe55a06cf7d14c43d68c6eb166adde3f1a037a9f8b177b,data/external/dbaasp_records.json,results/dbaasp_novelty_screen.json,counted
DBAASP,DBAASPS_144,https://dbaasp.org/peptides/144?format=json,8fdd05fb29c873b4c3dd71626640bd6493ed5e187efce004f597804c9faf0787,data/external/dbaasp_records.json,results/dbaasp_novelty_screen.json,counted
DBAASP,DBAASPS_145,https://dbaasp.org/peptides/145?format=json,9d6759b6bb993136e07745770a6d8c135c0de33f146a57821758bbdea43eb8cf,data/external/dbaasp_records.json,results/dbaasp_novelty_screen.json,counted
DBAASP,DBAASPS_146,https://dbaasp.org/peptides/146?format=json,204c48fe6cc6b9027c476a8552893f9fde11565eb0bef3c8c61a2394bc3b0937,data/external/dbaasp_records.json,results/dbaasp_novelty_screen.json,counted
DBAASP,DBAASPS_147,https://dbaasp.org/peptides/147?format=json,d57d91513076de323602f7ba70b4ea18d4cbf0378ead7f30baa3b59048585313,data/external/dbaasp_records.json,results/dbaasp_novelty_screen.json,counted
DBAASP,DBAASPS_148,https://dbaasp.org/peptides/148?format=json,0cf5de2dae9f12fda4c00ec38d4489c70150296c82932b1501b91739a8c694f6,data/external/dbaasp_records.json,results/dbaasp_novelty_screen.json,counted
DBAASP,DBAASPS_149,https://dbaasp.org/peptides/149?format=json,dc03d6b940a5a53e724da796ae7d1094a15564acaee9a7d61f04648a726c43a7,data/external/dbaasp_records.json,results/dbaasp_novelty_screen.json,counted
DBAASP,DBAASPS_150,https://dbaasp.org/peptides/150?format=json,e93d989cf2bb20dc8b479644935e2be0160abe8dccdf2bedc75e0eb3e27b5f82,data/external/dbaasp_records.json,results/dbaasp_novelty_screen.json,counted
DBAASP,DBAASPS_151,https://dbaasp.org/peptides/151?format=json,91e3331c6e3a8997d58b82735efd2058f7653cc830e62a577858f0bb2a9a7cae,data/external/dbaasp_records.json,results/dbaasp_novelty_screen.json,counted
DBAASP,DBAASPS_152,https://dbaasp.org/peptides/152?format=json,355c2a606465dde5ba23ccc73d5d11c05d476fd17934a82a9e00c4c8aac7fd9b,data/external/dbaasp_records.json,results/dbaasp_novelty_screen.json,counted
DBAASP,DBAASPS_153,https://dbaasp.org/peptides/153?format=json,2518e232c81f50066553c80d4df6ba3c818aaa0c1828c54c08c0656367f68292,data/external/dbaasp_records.json,results/dbaasp_novelty_screen.json,counted
DBAASP,DBAASPS_154,https://dbaasp.org/peptides/154?format=json,3d30605c1d54ed39c28516ef74bb3d446a5f6065dd802dbdff6ba564fa9943b6,data/external/dbaasp_records.json,results/dbaasp_novelty_screen.json,counted
DBAASP,DBAASPS_156,https://dbaasp.org/peptides/156?format=json,8256ea06f83b4e5d5f9910bcfe33da1bdac8762062af1dcd35aa2048b82681d6,data/external/dbaasp_records.json,results/dbaasp_novelty_screen.json,counted
DBAASP,DBAASPS_157,https://dbaasp.org/peptides/157?format=json,eaa0e8195a323a86beb84992536514396586a26364ee27d0228c487d6cebc37b,data/external/dbaasp_records.json,results/dbaasp_novelty_screen.json,counted
DBAASP,DBAASPS_158,https://dbaasp.org/peptides/158?format=json,1609f6e2d8e0adcaf4cd300f997b67bca26419f288cc4ebd10dda04bc7cee099,data/external/dbaasp_records.json,results/dbaasp_novelty_screen.json,counted
DBAASP,DBAASPS_159,https://dbaasp.org/peptides/159?format=json,ffd9453d74ae151a315935a0837cbcb91be7e0d16d749cd128fc49fe5791a0aa,data/external/dbaasp_records.json,results/dbaasp_novelty_screen.json,counted
DBAASP,DBAASPR_160,https://dbaasp.org/peptides/160?format=json,fd54a9e0dd4ff7e66212a000ef7a88d9eb2133113193a5a9e197c4678749eecd,data/external/dbaasp_records.json,results/dbaasp_novelty_screen.json,counted
DBAASP,DBAASPS_161,https://dbaasp.org/peptides/161?format=json,46789d7cf21e9590942b3d6ba473c836c269d6d135910fc15595b874222d0a97,data/external/dbaasp_records.json,results/dbaasp_novelty_screen.json,counted
DBAASP,DBAASPS_162,https://dbaasp.org/peptides/162?format=json,66fb241cf8f4310307d809c0637b6e84cca7c71fe8dc84ea797e6a899eb43249,data/external/dbaasp_records.json,results/dbaasp_novelty_screen.json,counted
DBAASP,DBAASPS_163,https://dbaasp.org/peptides/163?format=json,75379b174be3388a3c8352ab9d830b42d97f6cb83b33ccb1dff6ff5311c3c71f,data/external/dbaasp_records.json,results/dbaasp_novelty_screen.json,counted
DBAASP,DBAASPS_165,https://dbaasp.org/peptides/165?format=json,d84a79ae26fa63884e8a05470a72e53a54f9d66181634928e4e24f1fd3813b77,data/external/dbaasp_records.json,results/dbaasp_novelty_screen.json,counted
DBAASP,DBAASPS_166,https://dbaasp.org/peptides/166?format=json,6861caff59fc26eff15bbd1d5c6c0ddb70aedc639efad071e42568e887265fcb,data/external/dbaasp_records.json,results/dbaasp_novelty_screen.json,counted
DBAASP,DBAASPS_167,https://dbaasp.org/peptides/167?format=json,408059eaa3bba6cbda8ad06d203609045f008f8436f7c706bb6db31b3eb119ca,data/external/dbaasp_records.json,results/dbaasp_novelty_screen.json,counted
DBAASP,DBAASPS_168,https://dbaasp.org/peptides/168?format=json,e9f90ec37dd2c745c94859f76d0f5e5c18132560b16c268bdb9903f9f24b0132,data/external/dbaasp_records.json,results/dbaasp_novelty_screen.json,counted
DBAASP,DBAASPS_169,https://dbaasp.org/peptides/169?format=json,a7f6bbbc52a7d0d662bf43de644521a78d689f731e414e0e56308c83622fa1ed,data/external/dbaasp_records.json,results/dbaasp_novelty_screen.json,counted
DBAASP,DBAASPS_170,https://dbaasp.org/peptides/170?format=json,3f4a15efe36e88389967f2326afba08831e29b789de1d27b5d035e084205b7b8,data/external/dbaasp_records.json,results/dbaasp_novelty_screen.json,counted
DBAASP,DBAASPS_171,https://dbaasp.org/peptides/171?format=json,42e5252137f33fb9971e80975311bc6a02768bda9a134a515c1ade3cebb744ac,data/external/dbaasp_records.json,results/dbaasp_novelty_screen.json,counted
DBAASP,DBAASPS_172,https://dbaasp.org/peptides/172?format=json,02f651392222f41fa49566b8ab27ae7aecdae845210b51097e94a8e525468ccd,data/external/dbaasp_records.json,results/dbaasp_novelty_screen.json,counted
DBAASP,DBAASPS_173,https://dbaasp.org/peptides/173?format=json,5c603ab5b4e612589ff2919f4adf4aed64984385492927bbca44a89eb621322e,data/external/dbaasp_records.json,results/dbaasp_novelty_screen.json,counted
DBAASP,DBAASPS_174,https://dbaasp.org/peptides/174?format=json,6d1f758c61ecfcba887f0d867f658bae2f711fae5d4a98842b0f3469277f45e4,data/external/dbaasp_records.json,results/dbaasp_novelty_screen.json,counted
DBAASP,DBAASPS_175,https://dbaasp.org/peptides/175?format=json,b746bb03e300955154daffe9a31230a382d312ce16af3e92d3b6d7886419ffd0,data/external/dbaasp_records.json,results/dbaasp_novelty_screen.json,counted
DBAASP,DBAASPS_176,https://dbaasp.org/peptides/176?format=json,dbec10197c076eaceab8191a02f70b7ed5b679c76c34885ca19e04965e1614c3,data/external/dbaasp_records.json,results/dbaasp_novelty_screen.json,counted
DBAASP,DBAASPS_177,https://dbaasp.org/peptides/177?format=json,111202f3aaecfff34ab2dbde39d85377441f293e9f66c650765c6b7d828a9262,data/external/dbaasp_records.json,results/dbaasp_novelty_screen.json,counted
DBAASP,DBAASPS_178,https://dbaasp.org/peptides/178?format=json,e2db8ce134ffb658baa5ef7bfb2f8171cbaef4a53b4109753db45e8dd9c6d1c6,data/external/dbaasp_records.json,results/dbaasp_novelty_screen.json,counted
DBAASP,DBAASPS_179,https://dbaasp.org/peptides/179?format=json,d8fbb221f0af7c1dad1b5dd75bc38624cfcfcebfd623d33668c148f9aa65be92,data/external/dbaasp_records.json,results/dbaasp_novelty_screen.json,counted
DBAASP,DBAASPS_180,https://dbaasp.org/peptides/180?format=json,a220706a886ffde1f112126195140cc4df33efa08b6da5129aff106128265993,data/external/dbaasp_records.json,results/dbaasp_novelty_screen.json,counted
DBAASP,DBAASPS_181,https://dbaasp.org/peptides/181?format=json,b8c7701ae2414dcf97a0392f0098355c2d03e88909464b9b69fb3c23c526ac6a,data/external/dbaasp_records.json,results/dbaasp_novelty_screen.json,counted
DBAASP,DBAASPS_182,https://dbaasp.org/peptides/182?format=json,3c96fe5da2cf0c2fe931f16031d819978e8af821516fafb53b7acf03e450677f,data/external/dbaasp_records.json,results/dbaasp_novelty_screen.json,counted
DBAASP,DBAASPS_183,https://dbaasp.org/peptides/183?format=json,8b36462def02afe5178f86196c2c22c16846b8234af36e3e6d0bbedd661c84ea,data/external/dbaasp_records.json,results/dbaasp_novelty_screen.json,counted
DBAASP,DBAASPS_184,https://dbaasp.org/peptides/184?format=json,2d1680b564d6ae9d9725b9ea8fd057c1dc6302bb6a024928ef0a8a13e0296529,data/external/dbaasp_records.json,results/dbaasp_novelty_screen.json,counted
DBAASP,DBAASPS_185,https://dbaasp.org/peptides/185?format=json,c15474cb28d879031918ac90a77d8081611a4550b92b3f192295aa72747c4da4,data/external/dbaasp_records.json,results/dbaasp_novelty_screen.json,counted
DBAASP,DBAASPS_186,https://dbaasp.org/peptides/186?format=json,d1d96fc51229f678aaf9ef153b4128535030c243e2f5ffb724251e83b56a792b,data/external/dbaasp_records.json,results/dbaasp_novelty_screen.json,counted
DBAASP,DBAASPS_187,https://dbaasp.org/peptides/187?format=json,a31e4891b1f956fe7f789139ae98db75ce313148b38cd6708c432132e756852c,data/external/dbaasp_records.json,results/dbaasp_novelty_screen.json,counted
DBAASP,DBAASPS_188,https://dbaasp.org/peptides/188?format=json,4f674ba5014e7050416d0496004ab3288fd15cbc4000e299ff337c0f7448fd58,data/external/dbaasp_records.json,results/dbaasp_novelty_screen.json,counted
DBAASP,DBAASPS_189,https://dbaasp.org/peptides/189?format=json,0ec3d12c13b2e4ef5245a29b970125cd93216159e3d05891935b6ffa592d084c,data/external/dbaasp_records.json,results/dbaasp_novelty_screen.json,counted
DBAASP,DBAASPS_190,https://dbaasp.org/peptides/190?format=json,eb758dc06310d177ce7d8ba9c9c6a6ef63643af3f06f6a8faf34c62a9b10a4a8,data/external/dbaasp_records.json,results/dbaasp_novelty_screen.json,counted
DBAASP,DBAASPS_191,https://dbaasp.org/peptides/191?format=json,aba134d7123a95761f607fc3bb2fef5f0c6c296df5dacb0f49f448e2c5fe5896,data/external/dbaasp_records.json,results/dbaasp_novelty_screen.json,counted
DBAASP,DBAASPS_192,https://dbaasp.org/peptides/192?format=json,565845dade0ae204a4bc8544627842548b130a54816f8d117cfd43a01c045cec,data/external/dbaasp_records.json,results/dbaasp_novelty_screen.json,counted
DBAASP,DBAASPS_193,https://dbaasp.org/peptides/193?format=json,0e19695eff6835f43f95bad28acd8c6c6ab1cd183217f68cc21a83045aade4a9,data/external/dbaasp_records.json,results/dbaasp_novelty_screen.json,counted
DBAASP,DBAASPS_194,https://dbaasp.org/peptides/194?format=json,8ae995271014989b683496308d4f1907bca09fc365962c7acf7f164e9d12cf1a,data/external/dbaasp_records.json,results/dbaasp_novelty_screen.json,counted
DBAASP,DBAASPS_195,https://dbaasp.org/peptides/195?format=json,e9cdcbb47c1ddfd64ccb016b0ec348a3cf5d2bff6be635b0b7858aaa48a097df,data/external/dbaasp_records.json,results/dbaasp_novelty_screen.json,counted
DBAASP,DBAASPS_197,https://dbaasp.org/peptides/197?format=json,357e4f8f34ff254753121562bed44e7f09d7972f2bf541b0c6fb59a4a36466d1,data/external/dbaasp_records.json,results/dbaasp_novelty_screen.json,counted
DBAASP,DBAASPS_198,https://dbaasp.org/peptides/198?format=json,d61982a9ba9723ef040bf9b5ef775c4b16ad7bdd6d6ad8fe088c6eef38fd5e23,data/external/dbaasp_records.json,results/dbaasp_novelty_screen.json,counted
DBAASP,DBAASPS_199,https://dbaasp.org/peptides/199?format=json,60bfc59dd32997c2b70849b5bce1cb0cfa5907f9ff2d97f8f1123dbbf12bf6d8,data/external/dbaasp_records.json,results/dbaasp_novelty_screen.json,counted
DBAASP,DBAASPS_200,https://dbaasp.org/peptides/200?format=json,c5a06320e5f33eeb84bbeb540305d8f3af3f9a758e51b064ef9c15f08d21f85f,data/external/dbaasp_records.json,results/dbaasp_novelty_screen.json,counted
DBAASP,DBAASPS_201,https://dbaasp.org/peptides/201?format=json,a7b2becc7dd9662789c76265909476f4a20d983c050f8801e830226d6efa4ad6,data/external/dbaasp_records.json,results/dbaasp_novelty_screen.json,counted
DBAASP,DBAASPS_202,https://dbaasp.org/peptides/202?format=json,e894b1ecd4a158fe34bcf61bb6beaa5a74a024875cab475dd19a73f87eca1917,data/external/dbaasp_records.json,results/dbaasp_novelty_screen.json,counted
DBAASP,DBAASPS_203,https://dbaasp.org/peptides/203?format=json,616daae7c75241a4dfaea85c1df4f5ab692ad244ab468e088e8c883405f572c3,data/external/dbaasp_records.json,results/dbaasp_novelty_screen.json,counted
DBAASP,DBAASPS_204,https://dbaasp.org/peptides/204?format=json,9f1a779b243355b1937a3c48798280994281439e9f56e096151b0ffc347b45db,data/external/dbaasp_records.json,results/dbaasp_novelty_screen.json,counted
DBAASP,DBAASPS_205,https://dbaasp.org/peptides/205?format=json,f5c61f55bd75b1d665423b8522784883aee88401437404cea5af95cb893e7316,data/external/dbaasp_records.json,results/dbaasp_novelty_screen.json,counted
DBAASP,DBAASPS_206,https://dbaasp.org/peptides/206?format=json,31a83572f6861c55e63d0b86ae0f704d7bb5d3abb754ae8ca7f20837d52182ba,data/external/dbaasp_records.json,results/dbaasp_novelty_screen.json,counted
DBAASP,DBAASPS_207,https://dbaasp.org/peptides/207?format=json,9ad9544fc623a96f15ae5510a22f01f0687f7648982a98cde00b1aed03180001,data/external/dbaasp_records.json,results/dbaasp_novelty_screen.json,counted
DBAASP,DBAASPS_208,https://dbaasp.org/peptides/208?format=json,d813b7438691db41691c6b4f1e9f3d7f8be04c36453b2d6c5df7e75c4df36eda,data/external/dbaasp_records.json,results/dbaasp_novelty_screen.json,counted
DBAASP,DBAASPS_209,https://dbaasp.org/peptides/209?format=json,d10d0a9121780ad3aa7d956a458c9b983712b453765abcda3f1cbff19a543a5d,data/external/dbaasp_records.json,results/dbaasp_novelty_screen.json,counted
DBAASP,DBAASPS_210,https://dbaasp.org/peptides/210?format=json,4dd68aa2a5890618916526f9c7bcb02213f38a3875f5f83c2516736249bb7ff9,data/external/dbaasp_records.json,results/dbaasp_novelty_screen.json,counted
DBAASP,DBAASPS_211,https://dbaasp.org/peptides/211?format=json,b2d0f14810477a10db28451957e2b87597f4d2fc36b125b4173c181d80c7830c,data/external/dbaasp_records.json,results/dbaasp_novelty_screen.json,counted
DBAASP,DBAASPS_212,https://dbaasp.org/peptides/212?format=json,8eca4d556c4ecacfd46dca97e9257f8b1e025862eaefb926586929fc19092c89,data/external/dbaasp_records.json,results/dbaasp_novelty_screen.json,counted
DBAASP,DBAASPS_213,https://dbaasp.org/peptides/213?format=json,998f2068b3a5334e844b91e3befa31113319d595837b15a1e6068f2d99756a49,data/external/dbaasp_records.json,results/dbaasp_novelty_screen.json,counted
DBAASP,DBAASPS_214,https://dbaasp.org/peptides/214?format=json,eefb6eb8f409c739f3064bbf517f72428a1a0e14af11fbfe9e7277dd6c4a6990,data/external/dbaasp_records.json,results/dbaasp_novelty_screen.json,counted
DBAASP,DBAASPS_215,https://dbaasp.org/peptides/215?format=json,aee5dc8af8fe8cb0c496596621649c743461af3bda66f4b987d02cc4995a8787,data/external/dbaasp_records.json,results/dbaasp_novelty_screen.json,counted
DBAASP,DBAASPS_216,https://dbaasp.org/peptides/216?format=json,c97f85f8efc7e3900341970e15185a5329cb8657364b0591eaba4ba97823a7f3,data/external/dbaasp_records.json,results/dbaasp_novelty_screen.json,counted
DBAASP,DBAASPS_217,https://dbaasp.org/peptides/217?format=json,a90b2abdc522c1100fea231fbc945fcadf1beda74034fee7d088a4589042fa80,data/external/dbaasp_records.json,results/dbaasp_novelty_screen.json,counted
DBAASP,DBAASPS_218,https://dbaasp.org/peptides/218?format=json,e431a44d91f250cfe78972201dbb4e11005cd573de7662af25edf3c8db213b3a,data/external/dbaasp_records.json,results/dbaasp_novelty_screen.json,counted
DBAASP,DBAASPS_219,https://dbaasp.org/peptides/219?format=json,c537464f8465b2784631560f93fa06ade4d243e9b10aaa5ca59a38c52ed15680,data/external/dbaasp_records.json,results/dbaasp_novelty_screen.json,counted
DBAASP,DBAASPS_220,https://dbaasp.org/peptides/220?format=json,912fed6ece8cb342ec8f3b20d67c4b02b66456abdce1623d29783de4f80f4c44,data/external/dbaasp_records.json,results/dbaasp_novelty_screen.json,counted
DBAASP,DBAASPS_221,https://dbaasp.org/peptides/221?format=json,e46952ba84d63420d394e159bc7b6fced18297ed8af20caa7fbe519ee8feb665,data/external/dbaasp_records.json,results/dbaasp_novelty_screen.json,counted
DBAASP,DBAASPS_222,https://dbaasp.org/peptides/222?format=json,dce6a8ab52819c32b2dc5eaa2cd1fe248f5ebdb417a1c06a2b32e3177dea10b1,data/external/dbaasp_records.json,results/dbaasp_novelty_screen.json,counted
DBAASP,DBAASPS_223,https://dbaasp.org/peptides/223?format=json,84fcad547908b3935736afd2697aff5d58ec30efe3f9243480fb75e33b3fa1b0,data/external/dbaasp_records.json,results/dbaasp_novelty_screen.json,counted
DBAASP,DBAASPS_224,https://dbaasp.org/peptides/224?format=json,c2fb0cc06944a3691fe30847c169dcf1299c7ad7398d08ea3ed81de8809e92fc,data/external/dbaasp_records.json,results/dbaasp_novelty_screen.json,counted
DBAASP,DBAASPS_225,https://dbaasp.org/peptides/225?format=json,3cede2e584fe585d9601bef38c57d7fb7ca07e5b4f427e22d1129613ec8efae2,data/external/dbaasp_records.json,results/dbaasp_novelty_screen.json,counted
DBAASP,DBAASPS_226,https://dbaasp.org/peptides/226?format=json,538fac1612142dc23fe02db3947f66d2ee1873c87ef188eea723f49bdc490735,data/external/dbaasp_records.json,results/dbaasp_novelty_screen.json,counted
DBAASP,DBAASPS_227,https://dbaasp.org/peptides/227?format=json,5cc79ff5e1239a05cbd7a05ee42e8e41423043aa038d43697624cce842228d7d,data/external/dbaasp_records.json,results/dbaasp_novelty_screen.json,counted
DBAASP,DBAASPS_228,https://dbaasp.org/peptides/228?format=json,a82e8cfc8da72de25fd4935993de24fd46f22a453402bc70299e0f0c40799a90,data/external/dbaasp_records.json,results/dbaasp_novelty_screen.json,counted
DBAASP,DBAASPS_230,https://dbaasp.org/peptides/230?format=json,7a5befc9f6ce1675e251be40aec3aef502647789ca022f17e9b1f37a2b2fec0e,data/external/dbaasp_records.json,results/dbaasp_novelty_screen.json,counted
DBAASP,DBAASPS_231,https://dbaasp.org/peptides/231?format=json,c11ca4913adf48d6b5b2973440283009df6e1b1a7df0d0348700c14d6303e821,data/external/dbaasp_records.json,results/dbaasp_novelty_screen.json,counted
DBAASP,DBAASPS_232,https://dbaasp.org/peptides/232?format=json,db13b4210647a861ccec2ebdea571ab26b614af140bd3b0e8681e226961da3f1,data/external/dbaasp_records.json,results/dbaasp_novelty_screen.json,counted
DBAASP,DBAASPS_233,https://dbaasp.org/peptides/233?format=json,86edf4992d39862de413aae970d49be4c849ac534dbfed6e499278fc2851e8ac,data/external/dbaasp_records.json,results/dbaasp_novelty_screen.json,counted
DBAASP,DBAASPS_234,https://dbaasp.org/peptides/234?format=json,e16ccd2a68ab1473bb420c6fca1888f49a4076c27fc31c7b0e7e903443ca42af,data/external/dbaasp_records.json,results/dbaasp_novelty_screen.json,counted
DBAASP,DBAASPS_235,https://dbaasp.org/peptides/235?format=json,45f19e5e1c4fe306f9fb7292f2761724f96b3ca08c1edb4e6695c4863c262cea,data/external/dbaasp_records.json,results/dbaasp_novelty_screen.json,counted
DBAASP,DBAASPS_236,https://dbaasp.org/peptides/236?format=json,3327aaa7e0e83c70b16e1ab2f18028c2bacbbaf1797fc62151fafdfc7d077b73,data/external/dbaasp_records.json,results/dbaasp_novelty_screen.json,counted
