AA	1.0
AC	44.94
AE	1.0
AD	-7.49
AG	1.0
AF	1.0
AI	1.0
AH	-7.49
AK	1.0
AM	1.0
AL	1.0
AN	1.0
AQ	1.0
AP	20.26
AS	1.0
AR	1.0
AT	1.0
AW	1.0
AV	1.0
AY	1.0
CA	1.0
CC	1.0
CE	1.0
CD	20.26
CG	1.0
CF	1.0
CI	1.0
CH	33.6
CK	1.0
CM	33.6
CL	20.26
CN	1.0
CQ	-6.54
CP	20.26
CS	1.0
CR	1.0
CT	33.6
CW	24.68
CV	-6.54
CY	1.0
EA	1.0
EC	44.94
EE	33.6
ED	20.26
EG	1.0
EF	1.0
EI	20.26
EH	-6.54
EK	1.0
EM	1.0
EL	1.0
EN	1.0
EQ	20.26
EP	20.26
ES	20.26
ER	1.0
ET	1.0
EW	-14.03
EV	1.0
EY	1.0
DA	1.0
DC	1.0
DE	1.0
DD	1.0
DG	1.0
DF	-6.54
DI	1.0
DH	1.0
DK	-7.49
DM	1.0
DL	1.0
DN	1.0
DQ	1.0
DP	1.0
DS	20.26
DR	-6.54
DT	-14.03
DW	1.0
DV	1.0
DY	1.0
GA	-7.49
GC	1.0
GE	-6.54
GD	1.0
GG	13.34
GF	1.0
GI	-7.49
GH	1.0
GK	-7.49
GM	1.0
GL	1.0
GN	-7.49
GQ	1.0
GP	1.0
GS	1.0
GR	1.0
GT	-7.49
GW	13.34
GV	1.0
GY	-7.49
FA	1.0
FC	1.0
FE	1.0
FD	13.34
FG	1.0
FF	1.0
FI	1.0
FH	1.0
FK	-14.03
FM	1.0
FL	1.0
FN	1.0
FQ	1.0
FP	20.26
FS	1.0
FR	1.0
FT	1.0
FW	1.0
FV	1.0
FY	33.601
IA	1.0
IC	1.0
IE	44.94
ID	1.0
IG	1.0
IF	1.0
II	1.0
IH	13.34
IK	-7.49
IM	1.0
IL	20.26
IN	1.0
IQ	1.0
IP	-1.88
IS	1.0
IR	1.0
IT	1.0
IW	1.0
IV	-7.49
IY	1.0
HA	1.0
HC	1.0
HE	1.0
HD	1.0
HG	-9.37
HF	-9.37
HI	44.94
HH	1.0
HK	24.68
HM	1.0
HL	1.0
HN	24.68
HQ	1.0
HP	-1.88
HS	1.0
HR	1.0
HT	-6.54
HW	-1.88
HV	1.0
HY	44.94
KA	1.0
KC	1.0
KE	1.0
KD	1.0
KG	-7.49
KF	1.0
KI	-7.49
KH	1.0
KK	1.0
KM	33.6
KL	-7.49
KN	1.0
KQ	24.64
KP	-6.54
KS	1.0
KR	33.6
KT	1.0
KW	1.0
KV	-7.49
KY	1.0
MA	13.34
MC	1.0
ME	1.0
MD	1.0
MG	1.0
MF	1.0
MI	1.0
MH	58.28
MK	1.0
MM	-1.88
ML	1.0
MN	1.0
MQ	-6.54
MP	44.94
MS	44.94
MR	-6.54
MT	-1.88
MW	1.0
MV	1.0
MY	24.68
LA	1.0
LC	1.0
LE	1.0
LD	1.0
LG	1.0
LF	1.0
LI	1.0
LH	1.0
LK	-7.49
LM	1.0
LL	1.0
LN	1.0
LQ	33.6
LP	20.26
LS	1.0
LR	20.26
LT	1.0
LW	24.68
LV	1.0
LY	1.0
NA	1.0
NC	-1.88
NE	1.0
ND	1.0
NG	-14.03
NF	-14.03
NI	44.94
NH	1.0
NK	24.68
NM	1.0
NL	1.0
NN	1.0
NQ	-6.54
NP	-1.88
NS	1.0
NR	1.0
NT	-7.49
NW	-9.37
NV	1.0
NY	1.0
QA	1.0
QC	-6.54
QE	20.26
QD	20.26
QG	1.0
QF	-6.54
QI	1.0
QH	1.0
QK	1.0
QM	1.0
QL	1.0
QN	1.0
QQ	20.26
QP	20.26
QS	44.94
QR	1.0
QT	1.0
QW	1.0
QV	-6.54
QY	-6.54
PA	20.26
PC	-6.54
PE	18.38
PD	-6.54
PG	1.0
PF	20.26
PI	1.0
PH	1.0
PK	1.0
PM	-6.54
PL	1.0
PN	1.0
PQ	20.26
PP	20.26
PS	20.26
PR	-6.54
PT	1.0
PW	-1.88
PV	20.26
PY	1.0
SA	1.0
SC	33.6
SE	20.26
SD	1.0
SG	1.0
SF	1.0
SI	1.0
SH	1.0
SK	1.0
SM	1.0
SL	1.0
SN	1.0
SQ	20.26
SP	44.94
SS	20.26
SR	20.26
ST	1.0
SW	1.0
SV	1.0
SY	1.0
RA	1.0
RC	1.0
RE	1.0
RD	1.0
RG	-7.49
RF	1.0
RI	1.0
RH	20.26
RK	1.0
RM	1.0
RL	1.0
RN	13.34
RQ	20.26
RP	20.26
RS	44.94
RR	58.28
RT	1.0
RW	58.28
RV	1.0
RY	-6.54
TA	1.0
TC	1.0
TE	20.26
TD	1.0
TG	-7.49
TF	13.34
TI	1.0
TH	1.0
TK	1.0
TM	1.0
TL	1.0
TN	-14.03
TQ	-6.54
TP	1.0
TS	1.0
TR	1.0
TT	1.0
TW	-14.03
TV	1.0
TY	1.0
WA	-14.03
WC	1.0
WE	1.0
WD	1.0
WG	-9.37
WF	1.0
WI	1.0
WH	24.68
WK	1.0
WM	24.68
WL	13.34
WN	13.34
WQ	1.0
WP	1.0
WS	1.0
WR	1.0
WT	-14.03
WW	1.0
WV	-7.49
WY	1.0
VA	1.0
VC	1.0
VE	1.0
VD	-14.03
VG	-7.49
VF	1.0
VI	1.0
VH	1.0
VK	-1.88
VM	1.0
VL	1.0
VN	1.0
VQ	1.0
VP	20.26
VS	1.0
VR	1.0
VT	-7.49
VW	1.0
VV	1.0
VY	-6.54
YA	24.68
YC	1.0
YE	-6.54
YD	24.68
YG	-7.49
YF	1.0
YI	1.0
YH	13.34
YK	1.0
YM	44.94
YL	1.0
YN	1.0
YQ	1.0
YP	13.34
YS	1.0
YR	-15.91
YT	-7.49
YW	-9.37
YV	1.0
YY	13.34
